{
  "id": "2841797",
  "name": "paas中台-服务编排",
  "font_family": "iconfont",
  "css_prefix_text": "icon-",
  "description": "paas中台",
  "glyphs": [
    {
      "icon_id": "19937813",
      "name": "模型管理-02",
      "font_class": "moxingguanli-02",
      "unicode": "e61c",
      "unicode_decimal": 58908
    },
    {
      "icon_id": "3427885",
      "name": "排序题",
      "font_class": "icon-",
      "unicode": "e62e",
      "unicode_decimal": 58926
    },
    {
      "icon_id": "13087841",
      "name": "通关数据",
      "font_class": "tongguanshuju",
      "unicode": "e7c5",
      "unicode_decimal": 59333
    },
    {
      "icon_id": "16731280",
      "name": "失败处继续",
      "font_class": "shibaichujixu",
      "unicode": "e60c",
      "unicode_decimal": 58892
    },
    {
      "icon_id": "23563774",
      "name": "LinkBreak",
      "font_class": "LinkBreak",
      "unicode": "e69b",
      "unicode_decimal": 59035
    },
    {
      "icon_id": "125896",
      "name": "错误",
      "font_class": "cuowu",
      "unicode": "e600",
      "unicode_decimal": 58880
    },
    {
      "icon_id": "2733964",
      "name": "脚本任务",
      "font_class": "jiaobenrenwu",
      "unicode": "e6ed",
      "unicode_decimal": 59117
    },
    {
      "icon_id": "4877341",
      "name": "分支节点",
      "font_class": "fenzhijiedian",
      "unicode": "e781",
      "unicode_decimal": 59265
    },
    {
      "icon_id": "5678810",
      "name": "值映射",
      "font_class": "value_mapper",
      "unicode": "e601",
      "unicode_decimal": 58881
    },
    {
      "icon_id": "7594085",
      "name": "24gl-repeatDot2",
      "font_class": "24gl-repeatDot2",
      "unicode": "ea76",
      "unicode_decimal": 60022
    },
    {
      "icon_id": "7597960",
      "name": "24gl-merge",
      "font_class": "24gl-merge",
      "unicode": "eb70",
      "unicode_decimal": 60272
    },
    {
      "icon_id": "15838482",
      "name": "filter",
      "font_class": "filter",
      "unicode": "e672",
      "unicode_decimal": 58994
    },
    {
      "icon_id": "26506746",
      "name": "变量",
      "font_class": "bianliang",
      "unicode": "ee48",
      "unicode_decimal": 61000
    },
    {
      "icon_id": "27499611",
      "name": "商品分组",
      "font_class": "shangpinfenzu",
      "unicode": "e6b7",
      "unicode_decimal": 59063
    },
    {
      "icon_id": "11429534",
      "name": "数据集成",
      "font_class": "shujujicheng",
      "unicode": "e60a",
      "unicode_decimal": 58890
    },
    {
      "icon_id": "10157619",
      "name": "转发",
      "font_class": "zhuanfa",
      "unicode": "e63d",
      "unicode_decimal": 58941
    },
    {
      "icon_id": "6292313",
      "name": "帮助文档",
      "font_class": "bangzhuwendang",
      "unicode": "e68b",
      "unicode_decimal": 59019
    },
    {
      "icon_id": "11501040",
      "name": "逻辑",
      "font_class": "luoji",
      "unicode": "e747",
      "unicode_decimal": 59207
    },
    {
      "icon_id": "10465914",
      "name": "配置",
      "font_class": "peizhi",
      "unicode": "e7b7",
      "unicode_decimal": 59319
    },
    {
      "icon_id": "1727589",
      "name": "406报表",
      "font_class": "baobiao",
      "unicode": "e902",
      "unicode_decimal": 59650
    },
    {
      "icon_id": "6050091",
      "name": "网关",
      "font_class": "wangguan",
      "unicode": "e6df",
      "unicode_decimal": 59103
    },
    {
      "icon_id": "7015463",
      "name": "产品模型",
      "font_class": "chanpinmoxing",
      "unicode": "e721",
      "unicode_decimal": 59169
    },
    {
      "icon_id": "21402594",
      "name": "rpc",
      "font_class": "rpc",
      "unicode": "e65c",
      "unicode_decimal": 58972
    },
    {
      "icon_id": "14636674",
      "name": "start",
      "font_class": "start",
      "unicode": "e670",
      "unicode_decimal": 58992
    },
    {
      "icon_id": "2733963",
      "name": "结束",
      "font_class": "jieshu",
      "unicode": "e6ec",
      "unicode_decimal": 59116
    },
    {
      "icon_id": "4417791",
      "name": "API管理",
      "font_class": "APIguanli",
      "unicode": "e65f",
      "unicode_decimal": 58975
    },
    {
      "icon_id": "12600662",
      "name": "db",
      "font_class": "db",
      "unicode": "e620",
      "unicode_decimal": 58912
    },
    {
      "icon_id": "13533332",
      "name": "mq 消息队列MQ",
      "font_class": "mqxiaoxiduilieMQ",
      "unicode": "e621",
      "unicode_decimal": 58913
    },
    {
      "icon_id": "1080807",
      "name": "敬请期待",
      "font_class": "jingqingqidai",
      "unicode": "e666",
      "unicode_decimal": 58982
    },
    {
      "icon_id": "3447466",
      "name": "服务编排-连接线",
      "font_class": "lianjiexian",
      "unicode": "e75b",
      "unicode_decimal": 59227
    },
    {
      "icon_id": "10048295",
      "name": "告警日志",
      "font_class": "gaojingrizhi",
      "unicode": "e6e4",
      "unicode_decimal": 59108
    },
    {
      "icon_id": "11579932",
      "name": "字段映射",
      "font_class": "ziduanyingshe",
      "unicode": "e6d2",
      "unicode_decimal": 59090
    },
    {
      "icon_id": "17320038",
      "name": "数据源管理",
      "font_class": "shujuyuanguanli",
      "unicode": "e6d8",
      "unicode_decimal": 59096
    },
    {
      "icon_id": "20402854",
      "name": "API接口管理",
      "font_class": "APIjiekouguanli",
      "unicode": "e644",
      "unicode_decimal": 58948
    },
    {
      "icon_id": "23995856",
      "name": "服务编排-纯色紫",
      "font_class": "fuwubianpai-chunsezi",
      "unicode": "e64f",
      "unicode_decimal": 58959
    }
  ]
}
