{
  "id": 0,
  "name": "",
  "dictMapSrcType": 0,
  "cacheTime": 0,
  "apiDto": {
    "businessApiName": "",
    "requestType": 0,
    "requestUrl": "",
    "defineId": 0,
    "varList": [
      {
        "dataType": 0,
        "varName": "",
        "desc": ""
      }
    ],
    "dictMappingReqList": [
      {
        "sourceName": "",
        "referenceType": 0,
        "scriptData": "",
        "functionList": [
          {
            "express": "",
            "parameters": [
              ""
            ],
            "parameterMap": {},
            "scope": ""
          }
        ],
        "dataType": 0,
        "destName": "",
        "destPos": 0,
        "sourceVal": {}
      }
    ],
    "dictMappingRespList": [
      {
        "sourceName": "",
        "dataType": 0,
        "functionList": [
          {
            "express": "",
            "parameters": [
              ""
            ],
            "parameterMap": {},
            "scope": ""
          }
        ],
        "scriptData": "",
        "referenceType": 0,
        "destName": "",
        "sourceVal": {}
      }
    ]
  },
  "sqlDto": {
    "dbId": 0,
    "varList": [
      {
        "dataType": 0,
        "varName": "",
        "desc": ""
      }
    ],
    "dataBaseName": "",
    "timeOut": 0,
    "isInputSql": 0,
    "referenceFieldList": [
      {
        "fieldName": "",
        "dataType": 0,
        "generic": 0,
        "type": 0,
        "nodeKey": "",
        "value": "",
        "isCheckKey": 0
      }
    ],
    "textSql": "",
    "sqlMethod": "",
    "tableName": "",
    "collectionName": "",
    "collectionNodeKey": "",
    "mainKeyName": "",
    "mainKeyNameNodeKey": "",
    "selectFieldList": [
      {
        "fieldName": "",
        "dataType": 0,
        "generic": 0,
        "type": 0,
        "nodeKey": "",
        "value": "",
        "isCheckKey": 0
      }
    ],
    "updateFieldList": [
      {
        "fieldName": "",
        "dataType": 0,
        "generic": 0,
        "type": 0,
        "nodeKey": "",
        "value": "",
        "isCheckKey": 0
      }
    ],
    "whereFieldList": [
      {
        "logicalOperator": "",
        "operator": 0,
        "type1": 0,
        "nodeKey1": "",
        "value1": "",
        "fieldName": "",
        "dataType": 0,
        "generic": 0,
        "type": 0,
        "nodeKey": "",
        "value": "",
        "isCheckKey": 0
      }
    ],
    "sortFieldList": [
      {
        "serialVersionUID": 0,
        "field": "",
        "direction": "ASC"
      }
    ],
    "pageFieldList": [
      {
        "fieldName": "",
        "dataType": 0,
        "generic": 0,
        "type": 0,
        "nodeKey": "",
        "value": "",
        "isCheckKey": 0
      }
    ]
  }
}