<keymap version="1" name="VSCode (macOS) 副本" parent="VSCode OSX">
  <action id="ActivateCommitToolWindow">
    <keyboard-shortcut first-keystroke="shift meta g" />
  </action>
  <action id="ActivateTerminalToolWindow">
    <keyboard-shortcut first-keystroke="shift meta t" />
  </action>
  <action id="ActivateVersionControlToolWindow" />
  <action id="Back">
    <keyboard-shortcut first-keystroke="meta alt left" />
  </action>
  <action id="Diff.ApplyLeftSide" />
  <action id="Diff.ApplyRightSide" />
  <action id="EmmetNextEditPoint" />
  <action id="EmmetPreviousEditPoint" />
  <action id="FileStructurePopup">
    <keyboard-shortcut first-keystroke="meta alt o" />
  </action>
  <action id="FindPrevious">
    <keyboard-shortcut first-keystroke="shift f3" />
  </action>
  <action id="Forward">
    <keyboard-shortcut first-keystroke="meta alt right" />
  </action>
  <action id="GotoSymbol">
    <keyboard-shortcut first-keystroke="shift meta o" />
  </action>
  <action id="HideActiveWindow">
    <keyboard-shortcut first-keystroke="meta b" />
  </action>
  <action id="HideAllWindows">
    <keyboard-shortcut first-keystroke="meta b" />
  </action>
  <action id="MoveEditorToOppositeTabGroup">
    <keyboard-shortcut first-keystroke="ctrl meta right" />
    <keyboard-shortcut first-keystroke="ctrl meta left" />
  </action>
  <action id="MoveTabRight" />
  <action id="NewElementSamePlace" />
  <action id="NextTab">
    <keyboard-shortcut first-keystroke="shift meta close_bracket" />
  </action>
  <action id="PreviousTab">
    <keyboard-shortcut first-keystroke="shift meta open_bracket" />
  </action>
  <action id="ReopenClosedTab" />
  <action id="Run">
    <keyboard-shortcut first-keystroke="ctrl alt n" />
  </action>
  <action id="SaveDocument" />
  <action id="ServiceView.ShowServices" />
  <action id="com.dubreuia.core.action.ShortcutAction">
    <keyboard-shortcut first-keystroke="shift meta s" />
    <keyboard-shortcut first-keystroke="meta s" />
  </action>
</keymap>